{
  "features": [
    "rv_d",
    "rv_w",
    "rv_m"
  ],
  "intercept": -0.020193707821721103,
  "betas": {
    "rv_d": 0.0005334538547105971,
    "rv_w": 0.04514372286546087,
    "rv_m": 0.9425402704618077
  },
  "sigma2": 0.044947862935765956,
  "n_train": 132271
}